unit,iccs,country	2012 	2011 	2010 	2009 	2008 	2007 	2006 	2005 	2004 	2003 	2002 	2001 	2000 	1999 	1998 	1997 	1996 	1995 	1994 	1993
NR,homicide,AL	: 	: 	: 	: 	139 	: 	: 	: 	: 	: 	: 	: 	: 	: 	: 	: 	: 	: 	: 	:
NR,homicide,AT	83 	71 	56 	43 	46 	45 	60 	54 	59 	50 	65 	70 	82 	60 	77 	66 	99 	78 	88 	:
NR,homicide,BA	60 	49 	: 	67 	68 	: 	: 	: 	: 	: 	: 	: 	: 	: 	: 	: 	: 	: 	: 	:
NR,homicide,BE	182 	206 	187 	189 	203 	211 	223 	221 	267 	229 	320 	282 	216 	: 	: 	: 	: 	: 	: 	:
NR,homicide,BG	141 	128 	147 	150 	172 	169 	183 	196 	240 	247 	255 	308 	332 	327 	381 	369 	404 	461 	: 	:
NR,homicide,CH	45 	46 	53 	51 	54 	51 	60 	75 	79 	73 	86 	86 	69 	89 	76 	87 	83 	82 	80 	:
NR,homicide,CY	19 	8 	7 	16 	9 	11 	12 	15 	15 	15 	3 	7 	8 	10 	7 	7 	10 	10 	8 	9
NR,homicide,CZ	95 	83 	103 	112 	114 	126 	130 	108 	134 	161 	147 	157 	179 	175 	183 	186 	181 	: 	207 	:
NR,homicide,DE	578 	662 	690 	706 	722 	757 	808 	869 	868 	859 	955 	925 	1015 	1020 	998 	1265 	1382 	1406 	1343 	1250
NR,homicide,DK	55 	62 	62 	79 	79 	76 	45 	70 	60 	82 	58 	62 	79 	68 	60 	123 	82 	70 	89 	78
NR,homicide,EE	73 	83 	70 	70 	84 	93 	91 	113 	91 	147 	142 	137 	143 	157 	196 	178 	214 	246 	302 	:
NR,homicide,EL	165 	184 	176 	144 	139 	128 	110 	132 	111 	116 	94 	132 	146 	155 	176 	203 	169 	151 	133 	150
NR,homicide,ES	364 	385 	401 	412 	414 	482 	476 	518 	520 	587 	564 	577 	553 	486 	522 	463 	397 	411 	429 	:
NR,homicide,FI	89 	116 	112 	116 	132 	128 	112 	113 	144 	103 	132 	156 	148 	143 	113 	139 	156 	146 	147 	130
NR,homicide,FR	430 	743 	675 	682 	839 	826 	879 	976 	990 	987 	1119 	1046 	1051 	953 	961 	963 	1171 	1336 	1406 	:
NR,homicide,FX	: 	: 	: 	699 	839 	826 	879 	976 	990 	987 	1119 	1046 	1051 	953 	961 	963 	1171 	1336 	1406 	:
NR,homicide,HR	55 	51 	73 	56 	74 	66 	75 	76 	89 	76 	88 	86 	111 	121 	131 	137 	133 	188 	161 	243
NR,homicide,HU	113 	142 	132 	139 	147 	137 	175 	164 	209 	228 	203 	254 	205 	253 	289 	289 	271 	296 	313 	298
NR,homicide,IE	60 	45 	58 	60 	55 	85 	70 	65 	45 	52 	59 	58 	56 	47 	51 	53 	46 	53 	32 	:
NR,homicide,IS	1 	3 	2 	1 	0 	2 	0 	3 	3 	0 	4 	1 	5 	2 	0 	2 	1 	0 	0 	:
NR,homicide,IT	563 	583 	567 	626 	654 	685 	663 	648 	767 	765 	691 	765 	818 	854 	918 	924 	1001 	1042 	1008 	1120
NR,homicide,LI	0 	3 	1 	1 	1 	0 	0 	0 	1 	0 	0 	0 	0 	1 	0 	0 	0 	0 	0 	:
NR,homicide,LT	197 	204 	217 	252 	304 	284 	302 	404 	356 	385 	316 	377 	408 	334 	343 	370 	389 	485 	560 	498
NR,homicide,LU	3 	4 	8 	5 	7 	7 	9 	4 	2 	3 	4 	6 	4 	6 	4 	4 	4 	2 	6 	:
NR,homicide,LV	114 	91 	82 	109 	119 	117 	148 	127 	199 	220 	207 	214 	219 	214 	238 	259 	256 	281 	: 	:
NR,homicide,ME	16 	21 	15 	24 	23 	10 	25 	22 	14 	20 	27 	: 	: 	: 	: 	: 	: 	: 	: 	:
NR,homicide,MK	27 	29 	40 	36 	36 	42 	45 	49 	49 	70 	60 	55 	51 	: 	: 	: 	: 	: 	: 	:
NR,homicide,MT	9 	3 	4 	4 	6 	4 	0 	4 	7 	0 	5 	5 	4 	10 	5 	: 	: 	: 	: 	:
NR,homicide,NL	145 	143 	144 	154 	150 	143 	128 	174 	191 	202 	195 	202 	180 	203 	176 	208 	211 	299 	276 	:
NR,homicide,NO	27 	111 	29 	29 	34 	30 	33 	33 	36 	51 	46 	37 	48 	33 	38 	38 	43 	42 	33 	38
NR,homicide,PL	377 	449 	436 	493 	460 	525 	490 	555 	633 	663 	716 	776 	855 	741 	759 	807 	873 	854 	915 	898
NR,homicide,PT	122 	114 	124 	130 	124 	185 	155 	135 	144 	149 	119 	105 	116 	109 	125 	114 	106 	109 	143 	:
NR,homicide,RO	378 	335 	404 	397 	470 	416 	438 	453 	516 	551 	563 	597 	581 	566 	559 	693 	722 	758 	749 	722
NR,homicide,RS	110 	124 	123 	161 	145 	182 	160 	157 	164 	176 	200 	243 	228 	: 	: 	: 	: 	: 	: 	:
NR,homicide,SE	68 	81 	91 	93 	82 	111 	91 	83 	102 	81 	101 	84 	89 	99 	93 	91 	97 	83 	98 	102
NR,homicide,SI	14 	16 	10 	13 	11 	24 	12 	20 	29 	21 	29 	15 	36 	25 	15 	36 	38 	45 	: 	:
NR,homicide,SK	75 	96 	89 	84 	94 	89 	89 	106 	122 	146 	128 	129 	143 	141 	128 	140 	132 	128 	129 	:
NR,homicide,TR	2486 	2354 	2343 	2690 	2773 	3090 	4663 	4879 	4829 	5062 	5394 	5527 	6663 	5068 	5451 	5516 	5955 	5684 	3999 	4043
NR,homicide,UKC-L	552 	553 	639 	620 	664 	775 	758 	764 	868 	904 	1047 	891 	850 	766 	750 	739 	679 	753 	727 	670
NR,homicide,UKM	72 	93 	98 	85 	97 	111 	123 	102 	139 	109 	128 	111 	104 	120 	96 	90 	134 	133 	111 	116
NR,homicide,UKN	20 	24 	28 	22 	26 	30 	24 	29 	41 	33 	45 	52 	48 	34 	75 	42 	39 	24 	86 	:
NR,homicide,XK	47 	50 	64 	56 	77 	: 	: 	: 	: 	: 	: 	: 	: 	: 	: 	: 	: 	: 	: 	:
NR,various,AL	: 	: 	: 	: 	241 	: 	: 	: 	: 	: 	: 	: 	: 	: 	: 	: 	: 	: 	: 	:
NR,various,AT	47619 	46721 	44618 	47602 	47034 	46217 	43316 	42928 	41044 	40008 	36998 	34383 	39111 	36211 	: 	: 	: 	: 	: 	:
NR,various,BA	1851 	1877 	: 	1841 	1510 	: 	: 	: 	: 	: 	: 	: 	: 	: 	: 	: 	: 	: 	: 	:
NR,various,BE	120362 	128100 	123078 	122215 	119741 	115645 	113952 	111451 	109175 	108573 	107974 	103017 	103770 	: 	: 	: 	: 	: 	: 	:
NR,various,BG	7306 	7419 	9051 	9229 	8538 	8696 	8766 	10623 	11284 	12796 	12176 	10950 	11018 	12887 	: 	: 	: 	: 	: 	:
NR,various,CH	14376 	14021 	14105 	15360 	12560 	13537 	12784 	11544 	11917 	10151 	9265 	8653 	8152 	8528 	8015 	7472 	6932 	6042 	6002 	6606
NR,various,CY	: 	: 	436 	452 	319 	301 	319 	325 	383 	294 	203 	200 	185 	197 	176 	186 	180 	198 	170 	149
NR,various,CZ	19027 	20084 	18659 	17367 	18187 	19976 	19454 	22079 	24025 	22763 	23956 	22017 	22206 	23581 	23810 	23576 	23212 	22114 	20573 	20263
NR,various,DE	195143 	197030 	201243 	208446 	210885 	217923 	215471 	212832 	211172 	204124 	197492 	188413 	187103 	186655 	186306 	186447 	179455 	170170 	156272 	160680
NR,various,DK	25300 	26378 	26372 	26241 	24860 	20597 	19625 	19078 	19393 	19213 	18783 	18026 	17825 	16615 	15482 	15758 	14895 	14919 	16170 	15869
NR,various,EE	6725 	6059 	5347 	7406 	9082 	5834 	5154 	4755 	3287 	2411 	: 	643 	676 	638 	710 	781 	751 	813 	900 	809
NR,various,EL	8684 	9750 	12287 	12242 	11220 	10851 	10427 	10271 	10145 	10140 	7507 	9501 	9105 	9097 	9312 	8766 	8149 	8693 	9081 	8317
NR,various,ES	116906 	109429 	106509 	113060 	116324 	113473 	114205 	112426 	108820 	109798 	120581 	121094 	109665 	117341 	122005 	118370 	114303 	103039 	107912 	:
NR,various,FI	45980 	47793 	39640 	39598 	42215 	41664 	38037 	37105 	36450 	35293 	34186 	33355 	34291 	32089 	31726 	31202 	30825 	28218 	26017 	25226
NR,various,FR	277464 	353118 	351071 	341942 	331778 	324765 	326065 	307501 	292088 	292658 	288927 	279324 	243166 	215698 	194873 	186006 	178363 	165381 	155869 	144368
NR,various,FX	: 	: 	: 	341942 	331778 	324765 	326065 	307501 	292088 	292658 	288927 	279324 	243166 	215698 	194873 	186006 	178363 	165381 	155869 	144368
NR,various,HR	8644 	10213 	11038 	12220 	12985 	12966 	13235 	12405 	11292 	10032 	8802 	7584 	6211 	5373 	4401 	: 	: 	: 	: 	:
NR,various,HU	37368 	37201 	38445 	32046 	33035 	29645 	29728 	32760 	33364 	31484 	31221 	30820 	29145 	28277 	28414 	26987 	24784 	25773 	26035 	24574
NR,various,IE	10287 	11065 	12139 	10792 	10806 	10188 	9920 	9414 	9615 	9955 	11976 	8548 	5676 	: 	4515 	5488 	6554 	5764 	5046 	5470
NR,various,IT	147377 	141481 	127736 	131610 	146598 	153997 	145209 	136322 	131764 	111165 	106624 	107032 	106051 	111897 	108935 	103750 	100931 	98837 	107766 	114945
NR,various,LI	84 	86 	86 	95 	93 	86 	88 	107 	96 	109 	82 	85 	83 	78 	87 	82 	85 	: 	: 	:
NR,various,LT	2755 	3422 	3703 	4204 	4372 	4754 	5498 	6561 	6566 	6042 	5492 	5144 	5418 	4339 	4549 	4899 	4405 	3838 	5258 	4743
NR,various,LU	4466 	3816 	3319 	3264 	3197 	3233 	2471 	2367 	2433 	2124 	2069 	1689 	1768 	: 	: 	: 	: 	: 	: 	:
NR,various,LV	1351 	1403 	1414 	1882 	1928 	1919 	2750 	2879 	3366 	3200 	3407 	3761 	3937 	3363 	: 	: 	: 	: 	: 	:
NR,various,ME	339 	307 	352 	362 	300 	271 	280 	249 	4281 	3940 	4209 	: 	: 	: 	: 	: 	: 	: 	: 	:
NR,various,MK	841 	945 	1055 	1044 	905 	1037 	993 	1133 	1094 	860 	702 	493 	538 	: 	: 	: 	: 	: 	: 	:
NR,various,MT	309 	305 	372 	376 	382 	422 	390 	403 	406 	: 	: 	: 	: 	: 	: 	: 	: 	: 	: 	:
NR,various,NL	123410 	127385 	129450 	136600 	133510 	138850 	138215 	138915 	109887 	106410 	104336 	101320 	91738 	87132 	76787 	74691 	67479 	65284 	67077 	61591
NR,various,NO	25415 	24993 	24222 	24261 	23848 	23205 	22591 	21381 	21360 	20039 	20414 	19217 	19374 	17645 	17324 	17394 	17405 	15335 	14870 	14587
NR,various,PL	45602 	48350 	49194 	51128 	52122 	54629 	61399 	68141 	74614 	77152 	74875 	76235 	79763 	70310 	62461 	60895 	54481 	53197 	50080 	44544
NR,various,PT	21991 	24049 	24251 	24421 	24455 	21734 	24157 	23232 	24266 	23414 	22945 	21554 	19730 	18943 	15463 	16734 	15498 	17028 	17103 	:
NR,various,RO	6153 	4999 	5488 	5539 	5493 	5580 	7240 	6469 	6388 	6281 	7130 	7943 	7703 	7840 	7846 	8966 	8720 	9212 	8930 	9515
NR,various,RS	33732 	34249 	32167 	32061 	29582 	29316 	28864 	29068 	27950 	25513 	31400 	43569 	36104 	: 	: 	: 	: 	: 	: 	:
NR,various,SE	113190 	116496 	113262 	111703 	108448 	104627 	98154 	94205 	86107 	83782 	79455 	78407 	75874 	76746 	70952 	68349 	65829 	66311 	65236 	63788
NR,various,SI	2526 	2471 	2776 	2804 	2638 	3087 	3069 	2856 	2928 	2893 	3070 	2807 	1594 	1434 	1352 	1902 	2042 	1906 	1317 	1327
NR,various,SK	7248 	7778 	8094 	8963 	9669 	10274 	11584 	13575 	13755 	13724 	15020 	14450 	13549 	13531 	12427 	11564 	11391 	10990 	9876 	9722
NR,various,TR	247961 	229119 	234707 	206724 	167122 	138576 	165119 	125467 	108371 	96209 	94920 	87325 	77017 	71303 	72601 	67567 	64487 	55001 	13251 	12366
NR,various,UKC-L	719830 	754168 	795615 	827122 	839323 	885718 	972283 	997159 	997607 	963395 	875665 	821270 	741954 	703107 	605797 	347064 	344766 	310936 	: 	:
NR,various,UKM	17196 	20145 	21499 	21662 	24777 	25182 	27618 	26558 	27400 	27423 	28183 	27085 	24981 	27321 	25725 	23656 	25178 	24360 	23382 	23085
NR,various,UKN	33251 	33494 	32561 	32826 	32487 	32388 	35101 	34288 	32448 	32669 	32360 	29745 	24330 	24163 	21452 	8251 	9110 	8368 	7693 	7507
NR,various,XK	23085 	22849 	18161 	16199 	17186 	: 	: 	: 	: 	: 	: 	: 	: 	: 	: 	: 	: 	: 	: 	:
NR,robbery,AL	: 	: 	: 	: 	50 	: 	: 	: 	: 	: 	: 	: 	: 	: 	: 	: 	: 	: 	: 	:
NR,robbery,AT	4092 	4066 	4310 	4577 	4786 	5036 	5095 	4770 	4798 	4434 	3638 	2824 	3034 	2283 	2234 	1991 	: 	: 	: 	:
NR,robbery,BA	1010 	975 	: 	1727 	1363 	: 	: 	: 	: 	: 	: 	: 	: 	: 	: 	: 	: 	: 	: 	:
NR,robbery,BE	28090 	27327 	23842 	23582 	22873 	21186 	22820 	23995 	24240 	27986 	30288 	28755 	28188 	: 	: 	: 	: 	: 	: 	:
NR,robbery,BG	2955 	3110 	3737 	3596 	2868 	2996 	2875 	3754 	4131 	4933 	4665 	4069 	4266 	4044 	4494 	6481 	5623 	5737 	: 	:
NR,robbery,CH	3603 	3113 	2853 	3530 	4220 	4481 	4088 	3977 	4749 	4344 	3968 	3822 	3752 	4289 	4273 	4093 	3776 	3315 	3812 	4980
NR,robbery,CY	173 	137 	138 	111 	62 	69 	66 	73 	100 	66 	36 	39 	39 	31 	29 	23 	15 	22 	14 	17
NR,robbery,CZ	3283 	3761 	3874 	4515 	4515 	4668 	4613 	5368 	5931 	5443 	5434 	4321 	4644 	4817 	4306 	4751 	4281 	3978 	3826 	4109
NR,robbery,DE	48711 	48021 	48166 	49317 	49913 	52949 	53696 	54841 	59732 	59782 	58867 	57108 	59414 	61420 	64405 	69569 	67578 	: 	: 	:
NR,robbery,DK	12709 	13070 	12802 	12738 	10747 	5784 	5048 	5199 	5733 	5884 	6033 	5872 	5915 	5539 	5008 	4861 	4368 	4112 	4171 	4610
NR,robbery,EE	457 	525 	599 	726 	909 	887 	1005 	1298 	1632 	1885 	: 	4475 	4754 	4918 	3978 	3478 	: 	: 	: 	:
NR,robbery,EL	5992 	6636 	6079 	4715 	3293 	2823 	2463 	2084 	2339 	2083 	1992 	1735 	1581 	2048 	2254 	1967 	1487 	1600 	1257 	1505
NR,robbery,ES	96607 	87718 	84411 	90407 	92832 	89884 	90591 	90104 	88413 	92980 	104380 	106491 	94831 	101842 	105528 	104788 	99282 	87255 	: 	:
NR,robbery,FI	1616 	1622 	1508 	1640 	1696 	1784 	1700 	1814 	2017 	2045 	2120 	2157 	2600 	2277 	2092 	2016 	: 	: 	: 	:
NR,robbery,FR	113327 	120966 	121038 	112765 	106633 	112885 	127190 	124600 	119641 	125286 	133137 	134281 	109836 	94947 	84291 	80498 	: 	: 	: 	:
NR,robbery,FX	: 	: 	: 	112765 	106633 	112885 	127190 	124600 	119641 	125286 	133137 	134281 	109836 	94947 	84291 	80498 	: 	: 	: 	:
NR,robbery,HR	1588 	1382 	1245 	1411 	1259 	1272 	1445 	1560 	1622 	1236 	1204 	801 	802 	667 	728 	593 	521 	464 	414 	644
NR,robbery,HU	3020 	3186 	3396 	3158 	3128 	3119 	2709 	2982 	3227 	3289 	3389 	3319 	3494 	3167 	3056 	3056 	2689 	2657 	2570 	2881
NR,robbery,IE	2779 	2908 	3173 	2468 	2277 	2151 	2475 	2406 	2702 	2894 	1688 	1744 	1397 	: 	: 	: 	: 	: 	: 	:
NR,robbery,IS	50 	42 	42 	60 	43 	42 	50 	49 	35 	39 	32 	39 	34 	: 	: 	: 	: 	: 	: 	:
NR,robbery,IT	62641 	58206 	47996 	50732 	64535 	74130 	71762 	65724 	66643 	70625 	68248 	66671 	67424 	72836 	73289 	69993 	68571 	69535 	79145 	86306
NR,robbery,LI	5 	1 	2 	2 	1 	5 	4 	1 	2 	3 	1 	1 	2 	7 	7 	7 	4 	: 	: 	:
NR,robbery,LT	1923 	2502 	2727 	3363 	3452 	3802 	4343 	5206 	5323 	4919 	4535 	4185 	4374 	3376 	3646 	3971 	3481 	2837 	4217 	3723
NR,robbery,LU	457 	356 	316 	365 	260 	331 	263 	351 	339 	374 	367 	257 	307 	352 	372 	288 	260 	252 	291 	254
NR,robbery,LV	964 	1061 	1072 	1516 	1441 	1468 	2248 	2163 	2467 	2503 	2664 	3059 	3160 	2619 	: 	: 	: 	: 	: 	:
NR,robbery,ME	110 	130 	137 	142 	84 	67 	80 	86 	4239 	3908 	4173 	: 	: 	: 	: 	: 	: 	: 	: 	:
NR,robbery,MK	510 	513 	604 	597 	458 	521 	503 	709 	783 	573 	463 	266 	296 	: 	: 	: 	: 	: 	: 	:
NR,robbery,MT	257 	219 	196 	202 	147 	200 	222 	256 	265 	195 	156 	160 	146 	212 	318 	: 	: 	: 	: 	:
NR,robbery,NL	14750 	15400 	16105 	16265 	13175 	13660 	14485 	16445 	17683 	20018 	20647 	21174 	19004 	17685 	14498 	14186 	15156 	15747 	15928 	16341
NR,robbery,NO	1484 	1623 	1687 	1776 	1598 	1464 	1388 	1448 	1596 	1437 	1548 	1392 	1635 	1558 	1240 	989 	947 	891 	951 	976
NR,robbery,PL	16685 	17729 	19359 	20583 	21085 	22766 	29472 	36347 	41287 	44086 	40345 	41208 	43255 	36597 	26647 	23988 	20372 	20252 	19152 	17475
NR,robbery,PT	18504 	20353 	20423 	20460 	20807 	18427 	20870 	20183 	21051 	19767 	19764 	18585 	17156 	16065 	12442 	13901 	12892 	14396 	14322 	11918
NR,robbery,RO	3193 	2251 	2484 	2541 	2464 	2496 	4078 	3326 	3087 	2782 	3025 	3467 	3280 	3336 	3548 	4010 	3866 	4154 	4161 	4647
NR,robbery,RS	29531 	29899 	27660 	27285 	24717 	24272 	23785 	23854 	22893 	21126 	27333 	39627 	32511 	: 	: 	: 	: 	: 	: 	:
NR,robbery,SE	9213 	9719 	9219 	9570 	8909 	8673 	8584 	9398 	8590 	8575 	8974 	8538 	8999 	8628 	6713 	6641 	5821 	5747 	5331 	6101
NR,robbery,SI	391 	403 	463 	481 	386 	450 	525 	429 	398 	349 	449 	503 	474 	463 	379 	341 	507 	292 	275 	205
NR,robbery,SK	974 	851 	1188 	1358 	1371 	1429 	1594 	1919 	2156 	1918 	1578 	1366 	1264 	1437 	1231 	1199 	: 	: 	: 	:
NR,robbery,TR	10301 	9646 	8575 	8693 	8876 	12657 	21609 	15147 	10864 	4827 	3943 	3109 	1858 	1585 	1656 	1491 	1671 	1809 	262 	353
NR,robbery,UKC-L	65156 	74688 	76189 	75105 	80130 	84773 	101376 	98198 	91010 	103736 	110271 	121359 	95154 	84277 	66835 	63072 	74035 	68074 	60007 	57845
NR,robbery,UKM	1832 	2244 	2557 	2496 	2963 	3064 	3578 	3553 	3736 	4159 	4938 	4228 	4420 	5075 	4951 	4484 	5254 	5330 	5297 	5582
NR,robbery,UKN	1014 	1221 	1306 	1276 	1283 	1143 	1574 	1744 	1487 	1973 	2497 	2222 	1767 	1383 	1395 	1653 	1725 	1539 	1567 	1723
NR,robbery,XK	513 	619 	544 	174 	452 	: 	: 	: 	: 	: 	: 	: 	: 	: 	: 	: 	: 	: 	: 	:
NR,burglary,AL	: 	: 	: 	: 	30 	: 	: 	: 	: 	: 	: 	: 	: 	: 	: 	: 	: 	: 	: 	:
NR,burglary,AT	15479 	15616 	15747 	21248 	18648 	20040 	18945 	21227 	20276 	13429 	12674 	13008 	13262 	10111 	11811 	12826 	13849 	13721 	14160 	:
NR,burglary,BE	80708 	75310 	68548 	69446 	64045 	62964 	63615 	56978 	57484 	63994 	79203 	77330 	83315 	: 	: 	: 	: 	: 	: 	:
NR,burglary,BG	16781 	20272 	24005 	23682 	19980 	22208 	23460 	22379 	25565 	28210 	31639 	36269 	39455 	33004 	43830 	85356 	70126 	80671 	: 	:
NR,burglary,CH	34339 	27441 	24119 	25393 	55688 	57493 	56706 	61194 	70370 	68551 	60822 	57375 	60384 	76322 	83416 	82559 	74321 	67044 	66466 	69278
NR,burglary,CY	2953 	3379 	3275 	2443 	2576 	2656 	3084 	2812 	3311 	3159 	1228 	792 	1010 	1026 	1347 	1083 	1316 	1002 	1287 	1443
NR,burglary,CZ	9718 	9568 	10091 	9616 	9111 	9163 	9603 	10361 	11670 	12164 	11933 	10590 	11294 	12445 	12752 	13068 	13538 	13936 	14804 	17632
NR,burglary,DE	144117 	132595 	121347 	113800 	108284 	109128 	106107 	109736 	124155 	123280 	130055 	133722 	140015 	149044 	166742 	182009 	195801 	211221 	210982 	227090
NR,burglary,DK	43480 	45369 	44788 	48670 	43974 	36342 	31204 	29439 	32956 	33879 	35557 	32274 	32846 	34311 	31463 	34648 	33502 	32363 	31864 	35562
NR,burglary,EE	2718 	2792 	3196 	3027 	3321 	3096 	3928 	4766 	5752 	6495 	7356 	7652 	7285 	7588 	7026 	6610 	6864 	8175 	6878 	7137
NR,burglary,EL	87912 	96925 	90931 	63928 	59027 	49886 	42069 	37595 	26489 	31181 	31805 	31903 	31840 	36947 	43228 	44286 	42825 	42377 	34011 	32803
NR,burglary,ES	126422 	100780 	111656 	97834 	93880 	72723 	80981 	81495 	81552 	88128 	93751 	99066 	90518 	91553 	89428 	84430 	80808 	76610 	: 	:
NR,burglary,FI	6281 	6672 	6453 	6497 	5978 	6532 	5923 	7281 	7901 	7373 	7406 	7957 	9264 	9763 	10291 	10436 	10311 	11512 	12829 	13194
NR,burglary,FR	135402 	216271 	186524 	179408 	166250 	165780 	177840 	181503 	202880 	216797 	224223 	210850 	186492 	191102 	207274 	213561 	236272 	237624 	246641 	248002
NR,burglary,FX	: 	: 	: 	179408 	166250 	165780 	177840 	181503 	202880 	216797 	224223 	210850 	186492 	191102 	207274 	213561 	236272 	237624 	246641 	248002
NR,burglary,HR	4331 	3468 	3104 	2777 	2714 	3094 	2981 	3396 	3734 	4125 	4174 	4037 	2957 	: 	: 	: 	: 	: 	: 	:
NR,burglary,HU	22587 	21072 	19865 	16200 	16455 	17415 	16856 	17786 	18671 	19366 	22907 	26194 	26866 	29902 	30525 	31269 	30116 	22372 	21061 	17771
NR,burglary,IE	27837 	27695 	25420 	26911 	24683 	23603 	24788 	26381 	24913 	16436 	15474 	14877 	13376 	14286 	15840 	16970 	17672 	18506 	18713 	18238
NR,burglary,IS	1374 	1900 	2866 	3524 	2731 	2277 	2365 	2244 	2769 	2889 	3208 	2857 	2407 	: 	: 	: 	: 	: 	: 	:
NR,burglary,IT	240846 	207749 	171269 	152804 	153080 	169367 	143726 	122250 	112112 	173097 	169430 	183496 	207317 	234252 	246804 	237445 	230258 	212477 	198401 	192141
NR,burglary,LI	101 	72 	118 	168 	93 	102 	120 	97 	121 	123 	87 	72 	95 	74 	92 	95 	203 	142 	: 	:
NR,burglary,LT	3526 	4081 	4905 	5799 	6076 	5516 	6637 	7065 	9174 	8573 	6989 	8647 	9203 	9180 	9246 	9424 	8631 	7462 	7414 	6964
NR,burglary,LU	2005 	2206 	1487 	1843 	1731 	2030 	1838 	1486 	2100 	2206 	1992 	1947 	2081 	2092 	2649 	2416 	3152 	3249 	3728 	2942
NR,burglary,LV	: 	: 	4194 	4133 	3538 	3654 	4624 	4310 	6031 	5327 	5177 	5439 	5614 	4706 	: 	: 	: 	: 	: 	:
NR,burglary,ME	1383 	: 	: 	: 	: 	: 	: 	: 	: 	: 	: 	: 	: 	: 	: 	: 	: 	: 	: 	:
NR,burglary,MK	1987 	2160 	1610 	1612 	1346 	1590 	1367 	1146 	1275 	1088 	792 	1036 	981 	: 	: 	: 	: 	: 	: 	:
NR,burglary,MT	809 	734 	703 	667 	674 	735 	856 	1113 	782 	682 	679 	618 	784 	675 	: 	: 	: 	: 	: 	:
NR,burglary,NL	112105 	108720 	102800 	94580 	91245 	89415 	95165 	96015 	95952 	103577 	101920 	90284 	91420 	92252 	90613 	97690 	103951 	118115 	123962 	119858
NR,burglary,NO	5987 	5790 	7284 	9035 	8125 	6777 	7268 	8136 	8613 	10475 	10482 	9641 	10402 	11821 	14128 	15976 	18054 	18382 	17329 	18663
NR,burglary,PL	41042 	39571 	37941 	32977 	31481 	37644 	46610 	59325 	66795 	65172 	67290 	72167 	77397 	74326 	74137 	70187 	65985 	62011 	57120 	:
NR,burglary,PT	25148 	28299 	26641 	26027 	29655 	22324 	23314 	21840 	22587 	21963 	19989 	20806 	21153 	22224 	21515 	24202 	22798 	21981 	23130 	19376
NR,burglary,RO	15292 	16311 	14197 	11574 	10285 	10829 	9165 	9135 	10002 	10063 	12001 	17551 	19024 	21287 	29404 	31311 	29024 	31163 	17842 	15411
NR,burglary,RS	6738 	6925 	6849 	6121 	6353 	6184 	6224 	7738 	7611 	6890 	9084 	11906 	9685 	: 	: 	: 	: 	: 	: 	:
NR,burglary,SE	21346 	22214 	19774 	20463 	18176 	16936 	15005 	16654 	17573 	17344 	16562 	15169 	17581 	16834 	17536 	18359 	16835 	16701 	17670 	20237
NR,burglary,SI	2717 	2486 	2563 	2231 	2036 	2282 	2220 	2286 	2750 	2368 	3051 	2522 	3274 	988 	: 	: 	: 	1361 	1383 	:
NR,burglary,SK	1742 	1714 	1876 	2330 	2118 	2437 	2602 	2809 	3023 	2642 	2785 	3144 	3248 	3601 	3639 	3854 	3859 	4480 	4666 	3928
NR,burglary,TR	113772 	96385 	90103 	80973 	69792 	73727 	90150 	58062 	36935 	32162 	29149 	28877 	20493 	: 	: 	: 	: 	: 	: 	:
NR,burglary,UKC-L	227280 	245312 	258165 	268606 	284431 	280696 	292260 	300517 	321507 	402345 	437583 	430347 	402984 	442602 	473349 	519265 	602128 	643645 	: 	:
NR,burglary,UKM	15656 	17375 	17657 	16727 	17223 	17465 	20429 	21232 	23613 	24828 	29623 	30181 	32684 	36265 	38033 	36792 	40814 	44725 	53116 	:
NR,burglary,UKN	5945 	6650 	7081 	7269 	7350 	6712 	6831 	7255 	7302 	8943 	10122 	9071 	8372 	7665 	7725 	7435 	8530 	9774 	9833 	8080
NR,burglary,XK	6872 	5658 	4485 	3581 	3959 	: 	: 	: 	: 	: 	: 	: 	: 	: 	: 	: 	: 	: 	: 	:
NR,theft_motor_vehicle,AL	: 	: 	: 	: 	28 	: 	: 	: 	: 	: 	: 	: 	: 	: 	: 	: 	: 	: 	: 	:
NR,theft_motor_vehicle,AT	4446 	5158 	5150 	9289 	9049 	7802 	8959 	11089 	8156 	7720 	5489 	5740 	8601 	5679 	5771 	5950 	5791 	6095 	: 	:
NR,theft_motor_vehicle,BA	1328 	1091 	: 	: 	: 	: 	: 	: 	: 	: 	: 	: 	: 	: 	: 	: 	: 	: 	: 	:
NR,theft_motor_vehicle,BE	17126 	19360 	19845 	21900 	23298 	24884 	26754 	26769 	29878 	36222 	45263 	49822 	54146 	: 	: 	: 	: 	: 	: 	:
NR,theft_motor_vehicle,BG	387 	415 	486 	388 	430 	448 	640 	785 	1268 	1488 	2196 	2076 	2422 	1507 	1758 	2433 	2413 	2451 	: 	:
NR,theft_motor_vehicle,CH	8035 	7897 	7856 	9115 	: 	: 	: 	: 	: 	: 	: 	: 	: 	: 	: 	: 	: 	: 	: 	:
NR,theft_motor_vehicle,CY	1811 	1748 	1683 	1627 	1786 	2025 	1780 	1610 	1475 	1569 	1206 	1441 	1237 	959 	1252 	1548 	1661 	543 	551 	587
NR,theft_motor_vehicle,CZ	11127 	12393 	13109 	14770 	18793 	20329 	20996 	23040 	24230 	25331 	26143 	23539 	25539 	28946 	29779 	31331 	29639 	27327 	28101 	28322
NR,theft_motor_vehicle,DE	70511 	78558 	83480 	87693 	89036 	92628 	90224 	96451 	107920 	109846 	116230 	121533 	127750 	140636 	162518 	190585 	225787 	262620 	272357 	276745
NR,theft_motor_vehicle,DK	13427 	17375 	20745 	25236 	26804 	25868 	25183 	25887 	31525 	34037 	37390 	37444 	41740 	42179 	46020 	50220 	51512 	46174 	45743 	46173
NR,theft_motor_vehicle,EE	620 	752 	870 	934 	1035 	1007 	1239 	1929 	1840 	2099 	2628 	2818 	2322 	2455 	2106 	1762 	1643 	1955 	2536 	2621
NR,theft_motor_vehicle,EL	31166 	32242 	27587 	26711 	23550 	22516 	20216 	17552 	5568 	5865 	5385 	5700 	5585 	7239 	7610 	6568 	5309 	: 	: 	:
NR,theft_motor_vehicle,ES	55197 	60061 	65948 	78224 	96100 	107786 	117663 	120946 	126902 	138829 	156232 	158898 	144509 	148881 	147620 	142047 	113924 	98848 	99769 	:
NR,theft_motor_vehicle,FI	8815 	11983 	11150 	12188 	13804 	14827 	15276 	16791 	19326 	21922 	23115 	22583 	26391 	29611 	26404 	22015 	20261 	19772 	21043 	21059
NR,theft_motor_vehicle,FR	122778 	186684 	195196 	207947 	211484 	224658 	243153 	260538 	285680 	328678 	382148 	418983 	401057 	395947 	415930 	417360 	443767 	453525 	484179 	:
NR,theft_motor_vehicle,FX	: 	: 	: 	207947 	211484 	224658 	243153 	260538 	285680 	328678 	382148 	418983 	401057 	395947 	415930 	417360 	443767 	453525 	484179 	:
NR,theft_motor_vehicle,HR	1361 	1560 	1568 	1828 	1927 	2069 	2033 	2274 	2462 	2338 	2404 	2222 	2055 	: 	: 	: 	: 	: 	: 	:
NR,theft_motor_vehicle,HU	9071 	8655 	8624 	9676 	10109 	15017 	10058 	10770 	10969 	12240 	11569 	12585 	14470 	16822 	21011 	20823 	24094 	18391 	16051 	13254
NR,theft_motor_vehicle,IE	8392 	10393 	11410 	13129 	14307 	13531 	13661 	14199 	14369 	12463 	14111 	14710 	16140 	14851 	13793 	13589 	13405 	11754 	12039 	13244
NR,theft_motor_vehicle,IT	196589 	198774 	197583 	213407 	229961 	277549 	280167 	265975 	270129 	221543 	232564 	235946 	243890 	294726 	309113 	301233 	317897 	305438 	302490 	311256
NR,theft_motor_vehicle,LI	6 	1 	8 	7 	16 	7 	7 	10 	16 	14 	7 	8 	6 	17 	7 	6 	: 	: 	: 	:
NR,theft_motor_vehicle,LT	1724 	1807 	2060 	1967 	2553 	2848 	3460 	4541 	6330 	7022 	6484 	6626 	5991 	4279 	4843 	4485 	4561 	5206 	5068 	3037
NR,theft_motor_vehicle,LU	332 	394 	357 	365 	343 	454 	523 	464 	526 	453 	519 	496 	542 	626 	655 	675 	819 	1196 	898 	1234
NR,theft_motor_vehicle,LV	: 	: 	1251 	1825 	1868 	1729 	2168 	2023 	2960 	3369 	2845 	2769 	2932 	3102 	2493 	2082 	2215 	2774 	: 	:
NR,theft_motor_vehicle,ME	129 	: 	: 	121 	85 	98 	98 	121 	67 	78 	166 	: 	: 	: 	: 	: 	: 	: 	: 	:
NR,theft_motor_vehicle,MK	371 	487 	527 	607 	581 	413 	365 	567 	827 	560 	576 	511 	730 	: 	: 	: 	: 	: 	: 	:
NR,theft_motor_vehicle,MT	306 	364 	372 	401 	398 	388 	584 	672 	798 	887 	707 	848 	1051 	1076 	1166 	: 	: 	: 	: 	:
NR,theft_motor_vehicle,NL	19930 	21000 	21730 	21850 	21665 	21425 	23825 	27425 	30652 	34271 	42428 	43068 	46634 	46079 	45770 	46086 	41919 	46909 	53182 	49505
NR,theft_motor_vehicle,NO	7953 	9318 	10858 	12014 	11901 	12571 	14619 	15350 	17867 	20130 	22595 	18833 	21285 	19068 	19781 	18432 	19703 	20817 	19436 	19746
NR,theft_motor_vehicle,PL	16230 	16575 	16539 	17271 	17669 	21284 	30529 	45292 	51150 	54291 	53674 	59458 	68062 	71543 	61151 	53319 	47557 	50684 	42021 	29556
NR,theft_motor_vehicle,PT	15839 	19479 	20288 	22523 	25259 	23957 	24495 	25716 	29237 	29934 	30250 	26162 	26428 	28163 	26965 	22792 	19993 	17360 	18340 	15542
NR,theft_motor_vehicle,RO	1627 	1881 	2531 	2967 	2355 	1817 	1266 	1082 	1120 	1127 	1297 	1952 	2149 	2331 	2284 	2110 	1800 	2687 	2362 	2078
NR,theft_motor_vehicle,RS	2761 	3370 	3286 	3618 	3773 	4075 	3533 	3472 	3572 	3056 	4600 	6796 	5889 	: 	: 	: 	: 	: 	: 	:
NR,theft_motor_vehicle,SE	28926 	34471 	35009 	40359 	44717 	49249 	51639 	56719 	60980 	67199 	75593 	73309 	75125 	78216 	76495 	78826 	71567 	70299 	66234 	73782
NR,theft_motor_vehicle,SI	539 	528 	534 	586 	584 	839 	852 	873 	704 	682 	815 	691 	1291 	1147 	1997 	1549 	1946 	1425 	1350 	:
NR,theft_motor_vehicle,SK	2546 	2694 	3354 	3779 	4135 	4719 	5525 	5591 	6000 	5295 	5099 	5344 	6073 	7123 	7682 	7438 	6682 	7696 	9137 	9698
NR,theft_motor_vehicle,TR	12937 	12450 	13633 	16556 	18182 	24263 	33201 	33441 	25749 	25517 	20773 	20565 	15276 	18177 	19394 	19897 	22873 	15192 	278 	299
NR,theft_motor_vehicle,UKC-L	79829 	92056 	106162 	117684 	147238 	170038 	193384 	214182 	242732 	291858 	318507 	328115 	338796 	374686 	391807 	407239 	493489 	508450 	524094 	597519
NR,theft_motor_vehicle,UKM	5731 	7060 	8716 	9304 	11551 	12105 	15000 	14041 	15633 	17843 	22495 	23208 	26238 	29818 	28433 	28646 	34161 	37514 	41962 	42816
NR,theft_motor_vehicle,UKN	2138 	2290 	2719 	2976 	2956 	3336 	3418 	3724 	4457 	5369 	8410 	11635 	10806 	10196 	9715 	8633 	8404 	7794 	8974 	9011
NR,theft_motor_vehicle,XK	324 	445 	340 	393 	464 	: 	: 	: 	: 	: 	: 	: 	: 	: 	: 	: 	: 	: 	: 	:
NR,unlawful_acts,AL	: 	: 	: 	: 	274 	: 	: 	: 	: 	: 	: 	: 	: 	: 	: 	: 	: 	: 	: 	:
NR,unlawful_acts,AT	1990 	2320 	2167 	2099 	1980 	2473 	2377 	2337 	2443 	2506 	2320 	2399 	1503 	2514 	2594 	2656 	2209 	2058 	: 	:
NR,unlawful_acts,BA	: 	: 	: 	1584 	1519 	: 	: 	: 	: 	: 	: 	: 	: 	: 	: 	: 	: 	: 	: 	:
NR,unlawful_acts,BE	10890 	13746 	14732 	14953 	14852 	14220 	13202 	12874 	12228 	10976 	10862 	10847 	11893 	: 	: 	: 	: 	: 	: 	:
NR,unlawful_acts,BG	2960 	2859 	3765 	3662 	2857 	2844 	2824 	2720 	2412 	2006 	1648 	1487 	424 	808 	: 	: 	: 	: 	: 	:
NR,unlawful_acts,CH	19473 	17329 	19086 	18346 	7317 	6297 	6296 	7076 	7803 	7806 	7877 	7416 	7549 	8147 	7896 	7868 	8072 	7685 	7663 	8798
NR,unlawful_acts,CY	1030 	936 	851 	705 	780 	876 	653 	611 	514 	475 	433 	397 	289 	251 	285 	240 	183 	157 	135 	86
NR,unlawful_acts,CZ	3814 	3635 	3010 	3046 	2812 	2639 	2668 	2706 	2803 	3497 	4114 	4052 	4336 	: 	: 	: 	: 	: 	: 	:
NR,unlawful_acts,DE	47667 	50791 	49622 	50965 	55905 	64093 	64865 	72002 	75347 	73375 	76038 	79787 	76594 	73271 	68994 	69093 	65615 	54889 	45088 	:
NR,unlawful_acts,DK	3662 	3580 	3297 	2849 	3237 	3258 	2917 	2738 	3158 	2667 	2675 	2553 	2527 	: 	: 	: 	: 	: 	: 	:
NR,unlawful_acts,EE	866 	913 	901 	1042 	1558 	1449 	981 	686 	494 	604 	632 	628 	306 	180 	117 	30 	30 	12 	8 	8
NR,unlawful_acts,EL	9628 	9384 	10010 	12335 	11861 	9271 	9600 	10183 	8838 	10904 	10424 	9820 	7785 	6692 	6574 	5970 	4272 	2930 	1837 	1577
NR,unlawful_acts,ES	14509 	15220 	14391 	14343 	14564 	14098 	12711 	11968 	11947 	11742 	12133 	12160 	11496 	12708 	13985 	14419 	15308 	15119 	15608 	:
NR,unlawful_acts,FI	8810 	8301 	7566 	7267 	5659 	5115 	4837 	5177 	5269 	5974 	6617 	14869 	13445 	11674 	9461 	8323 	7868 	9052 	5936 	:
NR,unlawful_acts,FR	4821 	5928 	5869 	6007 	6128 	5797 	5792 	6108 	6296 	6094 	5165 	4047 	4254 	12529 	11908 	8300 	5158 	5661 	8714 	:
NR,unlawful_acts,FX	: 	: 	: 	6007 	6128 	5797 	5792 	6108 	6296 	6094 	5165 	4047 	4254 	12529 	11908 	8300 	5158 	5661 	8714 	:
NR,unlawful_acts,HR	7295 	7767 	7784 	7063 	7882 	7952 	8346 	8186 	7529 	7992 	8717 	8609 	7338 	: 	: 	: 	: 	: 	: 	:
NR,unlawful_acts,HU	570 	721 	794 	715 	5464 	4676 	6740 	7626 	6678 	3387 	4790 	4332 	3454 	2881 	2075 	957 	451 	438 	259 	230
NR,unlawful_acts,IE	4057 	4495 	4726 	4348 	4587 	3817 	3152 	2745 	2270 	2430 	2632 	2198 	1737 	: 	: 	: 	: 	: 	: 	:
NR,unlawful_acts,IS	92 	83 	95 	101 	104 	104 	92 	95 	165 	149 	121 	117 	103 	: 	: 	: 	: 	: 	: 	:
NR,unlawful_acts,IT	33852 	34034 	32761 	34101 	34082 	34439 	32306 	32059 	30053 	37288 	37965 	36045 	34800 	45038 	43014 	41420 	38954 	38269 	38290 	33310
NR,unlawful_acts,LI	257 	434 	531 	357 	210 	225 	285 	435 	459 	364 	447 	387 	269 	274 	179 	107 	214 	: 	: 	:
NR,unlawful_acts,LT	1748 	1016 	896 	876 	793 	765 	704 	999 	711 	509 	213 	165 	90 	58 	93 	54 	93 	68 	58 	25
NR,unlawful_acts,LU	2583 	2941 	2574 	2232 	1343 	1448 	1201 	1326 	1342 	1133 	1321 	1077 	1226 	941 	825 	805 	864 	764 	751 	613
NR,unlawful_acts,LV	2750 	1967 	2189 	2307 	2512 	1434 	997 	1049 	1148 	997 	629 	830 	655 	511 	389 	428 	361 	271 	: 	:
NR,unlawful_acts,ME	147 	316 	307 	398 	460 	549 	438 	294 	355 	299 	305 	: 	: 	: 	: 	: 	: 	: 	: 	:
NR,unlawful_acts,MK	594 	589 	578 	551 	415 	451 	315 	390 	357 	397 	273 	335 	410 	: 	: 	: 	: 	: 	: 	:
NR,unlawful_acts,MT	203 	178 	181 	187 	180 	149 	123 	113 	78 	: 	: 	: 	: 	100 	88 	37 	: 	: 	: 	:
NR,unlawful_acts,NL	17750 	16780 	17325 	18580 	18875 	19560 	20035 	19285 	15662 	15633 	12752 	10380 	7474 	7613 	7690 	7646 	4626 	4248 	4452 	3006
NR,unlawful_acts,NO	21603 	19985 	21954 	18616 	17547 	19086 	19156 	17118 	16814 	16152 	19294 	19945 	17579 	16059 	15420 	14455 	12316 	10793 	7240 	6777
NR,unlawful_acts,PL	4330 	4350 	4668 	3975 	3317 	3926 	3220 	3608 	3296 	2577 	2371 	2219 	1806 	2124 	2231 	1005 	494 	284 	127 	228
NR,unlawful_acts,PT	4635 	4210 	4546 	4260 	3710 	3265 	3610 	3536 	3654 	3739 	4053 	3853 	3214 	4091 	3538 	3390 	3879 	4512 	4517 	:
NR,unlawful_acts,RO	2872 	3456 	3852 	3228 	3621 	2796 	3079 	2441 	1775 	1131 	1074 	658 	561 	653 	620 	803 	597 	368 	: 	:
NR,unlawful_acts,RS	4774 	4941 	5573 	5500 	6049 	5414 	5505 	5256 	4116 	2492 	1077 	1082 	885 	: 	: 	: 	: 	: 	: 	:
NR,unlawful_acts,SE	13914 	10423 	10321 	8192 	7997 	6918 	6449 	4670 	4905 	5129 	5259 	5086 	4395 	5798 	5766 	6062 	6584 	6924 	: 	:
NR,unlawful_acts,SI	1760 	1505 	1756 	2096 	1434 	1429 	1590 	1026 	997 	775 	1162 	1140 	939 	746 	676 	631 	452 	310 	261 	199
NR,unlawful_acts,SK	756 	846 	584 	613 	538 	503 	421 	847 	711 	734 	674 	652 	604 	362 	520 	967 	735 	606 	88 	:
NR,unlawful_acts,TR	84528 	67411 	81060 	53990 	27050 	26539 	14647 	8726 	6720 	5036 	5147 	4312 	3520 	3318 	3145 	2602 	1968 	1840 	2039 	1168
NR,unlawful_acts,UKC-L	29765 	31316 	32336 	33223 	29885 	28323 	26550 	25276 	24190 	24628 	22435 	19686 	19820 	19956 	21788 	23153 	22122 	21272 	18340 	:
NR,unlawful_acts,UKM	5136 	6684 	7138 	9901 	10315 	9827 	10890 	9613 	9333 	9044 	10327 	10293 	8761 	8668 	8490 	8180 	6957 	7974 	5918 	5233
NR,unlawful_acts,UKN	890 	846 	762 	668 	607 	530 	475 	349 	375 	405 	291 	210 	228 	193 	193 	185 	204 	358 	156 	:
NR,unlawful_acts,XK	554 	535 	482 	364 	314 	: 	: 	: 	: 	: 	: 	: 	: 	: 	: 	: 	: 	: 	: 	:
NR,TOTAL,AL	: 	: 	: 	: 	58063 	: 	: 	: 	: 	: 	: 	: 	: 	: 	: 	: 	: 	: 	: 	:
NR,TOTAL,AT	548027 	540007 	535745 	591597 	572695 	594240 	589495 	605272 	643648 	643286 	591584 	522710 	560306 	493246 	479859 	481549 	485450 	486433 	504568 	493786
NR,TOTAL,BE	1073773 	1110972 	1072011 	1067295 	1043628 	1034430 	1022813 	999396 	1013674 	1007783 	1012781 	971437 	1002660 	: 	: 	: 	: 	: 	: 	:
NR,TOTAL,BG	120558 	128602 	147025 	138105 	126673 	134685 	136410 	137800 	142093 	143921 	146929 	147022 	148915 	145035 	163988 	228219 	184975 	196346 	: 	:
NR,TOTAL,CH	750371 	692954 	656858 	676309 	323235 	326232 	335157 	352723 	389415 	379343 	356841 	321713 	317335 	355255 	378045 	382769 	356018 	346634 	358028 	371740
NR,TOTAL,CY	7973 	8480 	8393 	7104 	7341 	7556 	7917 	7212 	7615 	7256 	4758 	4506 	4340 	4212 	4316 	3910 	4529 	4033 	4304 	4300
NR,TOTAL,CZ	304528 	317177 	313387 	332829 	343799 	357391 	336446 	344060 	351629 	357740 	372341 	358577 	391469 	426626 	425930 	403654 	394267 	375630 	372427 	398505
NR,TOTAL,DE	5997040 	5990679 	5933278 	6054330 	6114128 	6284661 	6304223 	6391715 	6633156 	6572135 	6507394 	6363865 	6264723 	6302316 	6456996 	6586165 	6647598 	6668717 	6537748 	6750613
NR,TOTAL,DK	440772 	466765 	471088 	491792 	476953 	445271 	425093 	432704 	474419 	486174 	491511 	473290 	504231 	494191 	499167 	531102 	528488 	538963 	546926 	546894
NR,TOTAL,EE	40816 	42567 	48340 	48359 	50977 	50375 	51834 	52916 	53048 	53595 	53293 	58497 	57799 	51539 	45721 	40972 	35411 	39570 	35739 	37163
NR,TOTAL,EL	194144 	194031 	333988 	386893 	417391 	423422 	463750 	455952 	405627 	441839 	441138 	439629 	369137 	373680 	385681 	377749 	349476 	329110 	303311 	358503
NR,TOTAL,ES	2268867 	2285525 	2297484 	2339203 	2396890 	2309859 	2267114 	2230906 	2141295 	2144155 	2183457 	2052492 	1852858 	1895983 	1865572 	1823330 	1770019 	1659026 	1604190 	1544975
NR,TOTAL,FI	425421 	458251 	431623 	441416 	440711 	435824 	416131 	432302 	445465 	443481 	435009 	430343 	453056 	436552 	423794 	412188 	416181 	422246 	426371 	433783
NR,TOTAL,FR	2984834 	: 	: 	3521256 	3558329 	3589293 	3725588 	3775838 	3825442 	3974694 	4113882 	4061792 	3771849 	3567864 	3565525 	3493442 	3559617 	3665320 	3919008 	3881894
NR,TOTAL,FX	: 	: 	: 	3521256 	3558329 	3589293 	3725588 	3775838 	3825442 	3974694 	4113882 	4061792 	3771849 	3567864 	3565525 	3493442 	3559617 	3665320 	3919008 	3881894
NR,TOTAL,HR	72171 	75620 	73328 	73497 	74571 	75857 	81049 	79946 	85416 	80377 	77905 	78351 	68378 	58190 	56015 	55085 	58364 	63015 	64051 	77280
NR,TOTAL,HU	472236 	451371 	447186 	394034 	408407 	426914 	425941 	436522 	418833 	413343 	420782 	465694 	450673 	505716 	600621 	514403 	466050 	502036 	389451 	400935
NR,TOTAL,IE	: 	: 	: 	: 	: 	: 	103178 	102206 	99244 	103462 	106415 	86633 	73276 	81274 	85627 	90875 	100785 	102484 	101036 	98979
NR,TOTAL,IS	11746 	12639 	14911 	15966 	14578 	13038 	13483 	12028 	16565 	17515 	19938 	18547 	18584 	: 	: 	: 	: 	: 	: 	:
NR,TOTAL,IT	2818834 	2763012 	2621019 	2629831 	2709888 	2933146 	2771490 	2579124 	2417716 	2456887 	2231550 	2163826 	2205782 	2373966 	2425748 	2440754 	2422991 	2267488 	2173448 	2259903
NR,TOTAL,LI	1142 	1061 	1046 	1216 	1112 	1075 	1189 	1059 	1043 	1138 	1002 	1086 	898 	795 	858 	869 	1002 	: 	: 	:
NR,TOTAL,LT	75349 	72086 	70618 	76291 	71972 	67990 	75474 	82074 	84136 	79072 	72646 	79265 	82370 	77108 	78149 	75816 	68053 	60819 	58364 	60378
NR,TOTAL,LU	37639 	35702 	30532 	32378 	28210 	28252 	25913 	25321 	26907 	26163 	26046 	22646 	22816 	26957 	27155 	24355 	27566 	28380 	29166 	28338
NR,TOTAL,LV	49905 	51582 	51108 	56748 	57475 	55620 	62328 	51435 	62173 	51773 	49329 	51082 	50199 	43969 	36674 	36865 	38205 	39141 	: 	:
NR,TOTAL,ME	5827 	6147 	6994 	8101 	8277 	9258 	9564 	9579 	8227 	8613 	8934 	8463 	: 	: 	: 	: 	: 	: 	: 	:
NR,TOTAL,MK	29939 	29529 	28489 	27330 	28327 	26224 	22024 	22634 	22663 	22547 	18308 	17139 	19814 	: 	: 	: 	: 	: 	: 	:
NR,TOTAL,MT	15623 	14244 	13296 	11953 	13803 	15005 	16527 	18580 	18384 	17739 	17023 	15929 	17016 	16031 	14793 	: 	: 	: 	: 	:
NR,TOTAL,NL	1139720 	1194055 	1194030 	1254480 	1277775 	1303835 	1311770 	1348285 	1319482 	1369271 	1401871 	1379454 	1328909 	1303446 	1234900 	1219935 	1186512 	1226700 	1313600 	1272500
NR,TOTAL,NO	273541 	264247 	270656 	277121 	264199 	271712 	277016 	275684 	287821 	303824 	319523 	299714 	306526 	291924 	293799 	284695 	271205 	267925 	234941 	230180
NR,TOTAL,PL	1119803 	1159554 	1151157 	1129577 	1082057 	1152993 	1287918 	1379962 	1461217 	1466643 	1404229 	1390089 	1266910 	1121545 	1073042 	992373 	897751 	974941 	906157 	852507
NR,TOTAL,PT	403200 	413702 	422587 	426040 	430486 	398575 	399563 	392714 	416420 	417383 	391599 	372170 	363294 	362589 	341122 	321644 	322255 	326829 	332228 	307333
NR,TOTAL,RO	308468 	258895 	292682 	299889 	289331 	281457 	232659 	208239 	231637 	276841 	312204 	340414 	353745 	363690 	399105 	361061 	321651 	297046 	237004 	219487
NR,TOTAL,RS	96081 	99547 	101132 	102369 	106031 	104862 	99244 	102093 	99866 	90419 	95638 	121672 	106020 	: 	: 	: 	: 	: 	: 	:
NR,TOTAL,SE	1402588 	1416280 	1370399 	1405626 	1377854 	1306324 	1224958 	1241843 	1248743 	1255371 	1234784 	1189393 	1214968 	1194171 	1181056 	1196065 	1175339 	1145945 	1112505 	1191251
NR,TOTAL,SI	91430 	88722 	89489 	87465 	81917 	88197 	90354 	84379 	86568 	76643 	77218 	74794 	67618 	61693 	55259 	37173 	36587 	38178 	43635 	44278
NR,TOTAL,SK	90351 	92873 	95252 	104905 	104758 	110802 	115152 	123563 	131244 	111893 	107373 	93053 	88817 	94016 	93895 	92395 	99402 	114579 	137713 	146125
NR,TOTAL,TR	1904456 	1652802 	1521723 	1288085 	1012291 	970554 	975118 	667820 	507539 	472153 	438714 	400337 	337079 	338606 	357311 	356677 	344395 	279001 	36593 	30482
NR,TOTAL,UKC-L	3731338 	4023253 	4150916 	4338295 	4702697 	4952277 	5427558 	5555172 	5637511 	6013759 	5974960 	5521825 	5167312 	5298044 	5105764 	4600324 	5036552 	5100241 	5146383 	5526255
NR,TOTAL,UKM	273053 	314188 	323247 	338124 	377433 	385509 	419257 	417785 	438121 	406979 	427034 	421093 	423172 	435703 	431551 	420642 	451956 	475697 	500110 	517247
NR,TOTAL,UKN	100389 	103389 	105040 	109139 	110094 	108468 	121144 	123194 	118124 	127953 	142496 	139786 	119912 	119111 	109053 	62222 	68549 	68808 	67886 	66228
NR,TOTAL,XK	65197 	64808 	36822 	33131 	36196 	: 	: 	: 	: 	: 	: 	: 	: 	: 	: 	: 	: 	: 	: 	:
